city,district,page_slug,image_path
서울,강남구,seoul/gangnam,public/images/regions/seoul/gangnam.webp
서울,송파구,seoul/songpa,public/images/regions/seoul/songpa.webp
부산,해운대구,busan/haeundae,public/images/regions/busan/haeundae.webp
대구,수성구,daegu/suseong,public/images/regions/daegu/suseong.webp
경기,수원시,gyeonggi/suwon,public/images/regions/gyeonggi/suwon.webp
서울,마포구,seoul/mapo,public/images/regions/seoul/mapo.webp
서울,관악구,seoul/gwanak,public/images/regions/seoul/gwanak.webp
경기,성남시,gyeonggi/seongnam,public/images/regions/gyeonggi/seongnam.webp
경기,용인시,gyeonggi/yongin,public/images/regions/gyeonggi/yongin.webp
인천,연수구,incheon/yeonsu,public/images/regions/incheon/yeonsu.webp
서울,영등포구,seoul/yeongdeungpo,public/images/regions/seoul/yeongdeungpo.webp
서울,노원구,seoul/nowon,public/images/regions/seoul/nowon.webp
경기,고양시,gyeonggi/goyang,public/images/regions/gyeonggi/goyang.webp
경기,화성시,gyeonggi/hwaseong,public/images/regions/gyeonggi/hwaseong.webp
인천,남동구,incheon/namdong,public/images/regions/incheon/namdong.webp
서울,서초구,seoul/seocho,public/images/regions/seoul/seocho.webp
서울,은평구,seoul/eunpyeong,public/images/regions/seoul/eunpyeong.webp
경기,부천시,gyeonggi/bucheon,public/images/regions/gyeonggi/bucheon.webp
경기,안양시,gyeonggi/anyang,public/images/regions/gyeonggi/anyang.webp
인천,부평구,incheon/bupyeong,public/images/regions/incheon/bupyeong.webp
세종,세종시,sejong/sejong,public/images/regions/sejong/sejong.webp
대전,유성구,daejeon/yuseong,public/images/regions/daejeon/yuseong.webp
광주,서구,gwangju/seo,public/images/regions/gwangju/seo.webp
울산,남구,ulsan/nam,public/images/regions/ulsan/nam.webp
경남,창원시,gyeongnam/changwon,public/images/regions/gyeongnam/changwon.webp
충북,청주시,chungbuk/cheongju,public/images/regions/chungbuk/cheongju.webp
충남,천안시,chungnam/cheonan,public/images/regions/chungnam/cheonan.webp
전북,전주시,jeonbuk/jeonju,public/images/regions/jeonbuk/jeonju.webp
경북,포항시,gyeongbuk/pohang,public/images/regions/gyeongbuk/pohang.webp
경남,김해시,gyeongnam/gimhae,public/images/regions/gyeongnam/gimhae.webp
서울,강서구,seoul/gangseo,public/images/regions/seoul/gangseo.webp
경기,하남시,gyeonggi/hanam,public/images/regions/gyeonggi/hanam.webp
경기,남양주시,gyeonggi/namyangju,public/images/regions/gyeonggi/namyangju.webp
부산,부산진구,busan/busanjin,public/images/regions/busan/busanjin.webp
대구,달서구,daegu/dalseo,public/images/regions/daegu/dalseo.webp
서울,동작구,seoul/dongjak,public/images/regions/seoul/dongjak.webp
경기,광주시,gyeonggi/gwangju,public/images/regions/gyeonggi/gwangju.webp
경기,평택시,gyeonggi/pyeongtaek,public/images/regions/gyeonggi/pyeongtaek.webp
부산,동래구,busan/dongnae,public/images/regions/busan/dongnae.webp
대전,서구,daejeon/seo,public/images/regions/daejeon/seo.webp
서울,성동구,seoul/seongdong,public/images/regions/seoul/seongdong.webp
서울,광진구,seoul/gwangjin,public/images/regions/seoul/gwangjin.webp
서울,중랑구,seoul/jungnang,public/images/regions/seoul/jungnang.webp
부산,수영구,busan/suyeong,public/images/regions/busan/suyeong.webp
경기,안산시,gyeonggi/ansan,public/images/regions/gyeonggi/ansan.webp
경기,김포시,gyeonggi/gimpo,public/images/regions/gyeonggi/gimpo.webp
서울,종로구,seoul/jongno,public/images/regions/seoul/jongno.webp
서울,용산구,seoul/yongsan,public/images/regions/seoul/yongsan.webp
서울,도봉구,seoul/dobong,public/images/regions/seoul/dobong.webp
부산,남구,busan/nam,public/images/regions/busan/nam.webp
부산,사상구,busan/sasang,public/images/regions/busan/sasang.webp
인천,서구,incheon/seo,public/images/regions/incheon/seo.webp
서울,강북구,seoul/gangbuk,public/images/regions/seoul/gangbuk.webp
서울,동대문구,seoul/dongdaemun,public/images/regions/seoul/dongdaemun.webp
서울,구로구,seoul/guro,public/images/regions/seoul/guro.webp
부산,북구,busan/buk,public/images/regions/busan/buk.webp
부산,금정구,busan/geumjeong,public/images/regions/busan/geumjeong.webp
경기,의정부시,gyeonggi/uijeongbu,public/images/regions/gyeonggi/uijeongbu.webp
서울,중구,seoul/jung,public/images/regions/seoul/jung.webp
서울,서대문구,seoul/seodaemun,public/images/regions/seoul/seodaemun.webp
서울,양천구,seoul/yangcheon,public/images/regions/seoul/yangcheon.webp
부산,연제구,busan/yeonje,public/images/regions/busan/yeonje.webp
부산,강서구,busan/gangseo,public/images/regions/busan/gangseo.webp
경기,파주시,gyeonggi/paju,public/images/regions/gyeonggi/paju.webp
서울,성북구,seoul/seongbuk,public/images/regions/seoul/seongbuk.webp
서울,강동구,seoul/gangdong,public/images/regions/seoul/gangdong.webp
서울,금천구,seoul/geumcheon,public/images/regions/seoul/geumcheon.webp
부산,사하구,busan/saha,public/images/regions/busan/saha.webp
부산,영도구,busan/yeongdo,public/images/regions/busan/yeongdo.webp
경기,광명시,gyeonggi/gwangmyeong,public/images/regions/gyeonggi/gwangmyeong.webp
대구,북구,daegu/buk,public/images/regions/daegu/buk.webp
인천,미추홀구,incheon/michuhol,public/images/regions/incheon/michuhol.webp
세종,조치원읍,sejong/jochiwon,public/images/regions/sejong/jochiwon.webp
대전,동구,daejeon/dong,public/images/regions/daejeon/dong.webp
광주,북구,gwangju/buk,public/images/regions/gwangju/buk.webp
울산,북구,ulsan/buk,public/images/regions/ulsan/buk.webp
경남,양산시,gyeongnam/yangsan,public/images/regions/gyeongnam/yangsan.webp
충북,충주시,chungbuk/chungju,public/images/regions/chungbuk/chungju.webp
충남,아산시,chungnam/asan,public/images/regions/chungnam/asan.webp
경북,구미시,gyeongbuk/gumi,public/images/regions/gyeongbuk/gumi.webp
전북,익산시,jeonbuk/iksan,public/images/regions/jeonbuk/iksan.webp
대구,동구,daegu/dong,public/images/regions/daegu/dong.webp
인천,계양구,incheon/gyeyang,public/images/regions/incheon/gyeyang.webp
세종,아름동,sejong/areum,public/images/regions/sejong/areum.webp
대전,중구,daejeon/jung,public/images/regions/daejeon/jung.webp
광주,광산구,gwangju/gwangsan,public/images/regions/gwangju/gwangsan.webp
울산,울주군,ulsan/ulju,public/images/regions/ulsan/ulju.webp
경남,진주시,gyeongnam/jinju,public/images/regions/gyeongnam/jinju.webp
충북,제천시,chungbuk/jecheon,public/images/regions/chungbuk/jecheon.webp
충남,당진시,chungnam/dangjin,public/images/regions/chungnam/dangjin.webp
경북,경산시,gyeongbuk/gyeongsan,public/images/regions/gyeongbuk/gyeongsan.webp
전북,군산시,jeonbuk/gunsan,public/images/regions/jeonbuk/gunsan.webp
대구,남구,daegu/nam,public/images/regions/daegu/nam.webp
인천,중구,incheon/jung,public/images/regions/incheon/jung.webp
세종,한솔동,sejong/hansol,public/images/regions/sejong/hansol.webp
대전,대덕구,daejeon/daedeok,public/images/regions/daejeon/daedeok.webp
광주,남구,gwangju/nam,public/images/regions/gwangju/nam.webp
울산,동구,ulsan/dong,public/images/regions/ulsan/dong.webp
경남,거제시,gyeongnam/geoje,public/images/regions/gyeongnam/geoje.webp
충북,진천군,chungbuk/jincheon,public/images/regions/chungbuk/jincheon.webp
충남,서산시,chungnam/seosan,public/images/regions/chungnam/seosan.webp
경북,안동시,gyeongbuk/andong,public/images/regions/gyeongbuk/andong.webp
전북,정읍시,jeonbuk/jeongeup,public/images/regions/jeonbuk/jeongeup.webp
대구,서구,daegu/seo,public/images/regions/daegu/seo.webp
인천,동구,incheon/dong,public/images/regions/incheon/dong.webp
세종,보람동,sejong/boram,public/images/regions/sejong/boram.webp
대전,관저동,daejeon/gwanjeo,public/images/regions/daejeon/gwanjeo.webp
광주,동구,gwangju/dong,public/images/regions/gwangju/dong.webp
울산,중구,ulsan/jung,public/images/regions/ulsan/jung.webp
경남,통영시,gyeongnam/tongyeong,public/images/regions/gyeongnam/tongyeong.webp
충북,음성군,chungbuk/eumseong,public/images/regions/chungbuk/eumseong.webp
충남,공주시,chungnam/gongju,public/images/regions/chungnam/gongju.webp
경북,경주시,gyeongbuk/gyeongju,public/images/regions/gyeongbuk/gyeongju.webp
전북,완주군,jeonbuk/wanju,public/images/regions/jeonbuk/wanju.webp
대구,중구,daegu/jung,public/images/regions/daegu/jung.webp
인천,강화군,incheon/ganghwa,public/images/regions/incheon/ganghwa.webp
세종,종촌동,sejong/jongchon,public/images/regions/sejong/jongchon.webp
대전,노은동,daejeon/noeun,public/images/regions/daejeon/noeun.webp
광주,첨단동,gwangju/cheomdan,public/images/regions/gwangju/cheomdan.webp
울산,삼산동,ulsan/samsan,public/images/regions/ulsan/samsan.webp
경남,사천시,gyeongnam/sacheon,public/images/regions/gyeongnam/sacheon.webp
충북,옥천군,chungbuk/okcheon,public/images/regions/chungbuk/okcheon.webp
충남,홍성군,chungnam/hongseong,public/images/regions/chungnam/hongseong.webp
경북,김천시,gyeongbuk/gimcheon,public/images/regions/gyeongbuk/gimcheon.webp
전북,남원시,jeonbuk/namwon,public/images/regions/jeonbuk/namwon.webp
대구,달성군,daegu/dalseong,public/images/regions/daegu/dalseong.webp
인천,송도동,incheon/songdo,public/images/regions/incheon/songdo.webp
세종,다정동,sejong/dajeong,public/images/regions/sejong/dajeong.webp
대전,둔산동,daejeon/dunsan,public/images/regions/daejeon/dunsan.webp
광주,수완동,gwangju/suwan,public/images/regions/gwangju/suwan.webp
울산,무거동,ulsan/mugeo,public/images/regions/ulsan/mugeo.webp
경남,밀양시,gyeongnam/miryang,public/images/regions/gyeongnam/miryang.webp
충북,증평군,chungbuk/jeungpyeong,public/images/regions/chungbuk/jeungpyeong.webp
충남,논산시,chungnam/nonsan,public/images/regions/chungnam/nonsan.webp
경북,영주시,gyeongbuk/yeongju,public/images/regions/gyeongbuk/yeongju.webp
전북,김제시,jeonbuk/gimje,public/images/regions/jeonbuk/gimje.webp
대구,칠곡지구,daegu/chilgok,public/images/regions/daegu/chilgok.webp
인천,청라동,incheon/cheongna,public/images/regions/incheon/cheongna.webp
세종,소담동,sejong/sodam,public/images/regions/sejong/sodam.webp
대전,도안동,daejeon/doan,public/images/regions/daejeon/doan.webp
광주,봉선동,gwangju/bongseon,public/images/regions/gwangju/bongseon.webp
울산,송정동,ulsan/songjeong,public/images/regions/ulsan/songjeong.webp
경남,거창군,gyeongnam/geochang,public/images/regions/gyeongnam/geochang.webp
충북,영동군,chungbuk/yeongdong,public/images/regions/chungbuk/yeongdong.webp
충남,보령시,chungnam/boryeong,public/images/regions/chungnam/boryeong.webp
경북,영천시,gyeongbuk/yeongcheon,public/images/regions/gyeongbuk/yeongcheon.webp
전북,부안군,jeonbuk/buan,public/images/regions/jeonbuk/buan.webp

